IP地址,端口,回源端口,TLS,数据中心,地区,城市,TCP延迟(ms),速度(MB/s)
34.107.102.79,443,443,true,FRA,Europe,Frankfurt,216,10.75
34.90.89.224,443,443,true,FRA,Europe,Frankfurt,177,10.74
34.90.216.92,443,443,true,FRA,Europe,Frankfurt,180,10.73
34.107.31.245,443,443,true,FRA,Europe,Frankfurt,177,10.71
34.154.97.106,443,443,true,FRA,Europe,Frankfurt,188,10.70
34.90.125.203,443,443,true,FRA,Europe,Frankfurt,176,10.70
34.32.212.167,443,443,true,FRA,Europe,Frankfurt,177,10.70
35.228.77.134,443,443,true,ARN,Europe,Stockholm,193,10.69
34.118.76.96,443,443,true,FRA,Europe,Frankfurt,184,10.68
34.90.199.90,443,443,true,FRA,Europe,Frankfurt,177,10.66
34.107.50.26,443,443,true,FRA,Europe,Frankfurt,169,10.66
34.91.136.68,443,443,true,FRA,Europe,Frankfurt,175,10.65
34.32.215.26,443,443,true,EWR,North America,Newark,173,10.63
34.91.18.119,443,443,true,CDG,Europe,Paris,177,10.62
34.154.196.142,443,443,true,FRA,Europe,Frankfurt,177,10.60
34.32.153.53,443,443,true,FRA,Europe,Frankfurt,183,10.59
34.65.190.252,443,443,true,FRA,Europe,Frankfurt,174,10.58
34.107.94.44,443,443,true,FRA,Europe,Frankfurt,241,10.56
34.118.49.212,443,443,true,FRA,Europe,Frankfurt,185,10.56
34.32.216.47,443,443,true,FRA,Europe,Frankfurt,178,10.55
34.118.80.178,443,443,true,EWR,North America,Newark,186,10.55
34.65.142.228,443,443,true,FRA,Europe,Frankfurt,182,10.52
34.154.64.192,443,443,true,FRA,Europe,Frankfurt,182,10.51
34.65.122.169,443,443,true,AMS,Europe,Amsterdam,177,10.50
34.154.126.24,443,443,true,FRA,Europe,Frankfurt,189,10.49
34.65.41.222,443,443,true,FRA,Europe,Frankfurt,176,10.47
34.154.198.125,443,443,true,FRA,Europe,Frankfurt,222,10.46
34.32.190.213,443,443,true,FRA,Europe,Frankfurt,177,10.46
34.107.36.146,443,443,true,FRA,Europe,Frankfurt,171,10.45
34.32.247.251,443,443,true,FRA,Europe,Frankfurt,259,10.43
34.91.18.119,443,443,true,FRA,Europe,Frankfurt,179,10.43
34.65.205.105,443,443,true,FRA,Europe,Frankfurt,184,10.41
35.242.199.126,443,443,true,FRA,Europe,Frankfurt,248,10.41
34.154.160.113,443,443,true,FRA,Europe,Frankfurt,179,10.39
34.118.99.244,443,443,true,CDG,Europe,Paris,187,10.38
34.65.109.45,443,443,true,FRA,Europe,Frankfurt,182,10.38
34.65.254.136,443,443,true,FRA,Europe,Frankfurt,175,10.37
34.116.156.200,443,443,true,CDG,Europe,Paris,291,10.37
34.154.239.10,443,443,true,FRA,Europe,Frankfurt,179,10.36
34.116.191.144,443,443,true,FRA,Europe,Frankfurt,272,10.33
34.118.0.245,443,443,true,FRA,Europe,Frankfurt,202,10.32
34.116.214.219,443,443,true,CDG,Europe,Paris,188,10.30
34.154.28.158,443,443,true,FRA,Europe,Frankfurt,175,10.30
34.65.163.193,443,443,true,FRA,Europe,Frankfurt,185,10.29
34.118.10.184,443,443,true,FRA,Europe,Frankfurt,325,10.29
34.118.49.212,443,443,true,FRA,Europe,Frankfurt,186,10.28
34.65.213.159,443,443,true,FRA,Europe,Frankfurt,175,10.27
34.116.179.159,443,443,true,FRA,Europe,Frankfurt,199,10.27
34.154.39.92,443,443,true,FRA,Europe,Frankfurt,215,10.27
34.154.158.134,443,443,true,FRA,Europe,Frankfurt,175,10.26
34.118.70.10,443,443,true,CDG,Europe,Paris,193,10.26
34.65.16.137,443,443,true,FRA,Europe,Frankfurt,174,10.26
34.91.166.17,443,443,true,CDG,Europe,Paris,181,10.26
34.65.213.159,443,443,true,FRA,Europe,Frankfurt,178,10.26
34.154.6.13,443,443,true,FRA,Europe,Frankfurt,184,10.25
34.88.63.160,443,443,true,FRA,Europe,Frankfurt,186,10.24
34.118.38.73,443,443,true,CDG,Europe,Paris,183,10.24
34.91.217.239,443,443,true,FRA,Europe,Frankfurt,258,10.24
34.154.189.27,443,443,true,FRA,Europe,Frankfurt,179,10.22
34.91.166.255,443,443,true,FRA,Europe,Frankfurt,233,10.21
34.65.247.155,443,443,true,FRA,Europe,Frankfurt,255,10.21
34.154.175.219,443,443,true,FRA,Europe,Frankfurt,177,10.20
34.118.97.186,443,443,true,FRA,Europe,Frankfurt,187,10.19
34.154.238.235,443,443,true,FRA,Europe,Frankfurt,205,10.18
34.154.107.139,443,443,true,FRA,Europe,Frankfurt,179,10.17
34.154.72.129,443,443,true,FRA,Europe,Frankfurt,182,10.16
34.154.170.106,443,443,true,FRA,Europe,Frankfurt,178,10.15
34.65.132.164,443,443,true,FRA,Europe,Frankfurt,176,10.13
34.118.36.53,443,443,true,FRA,Europe,Frankfurt,249,10.13
34.118.62.37,443,443,true,FRA,Europe,Frankfurt,199,10.12
34.90.225.130,443,443,true,FRA,Europe,Frankfurt,175,10.12
34.118.3.82,443,443,true,FRA,Europe,Frankfurt,255,10.12
34.154.62.244,443,443,true,FRA,Europe,Frankfurt,178,10.11
34.65.165.68,443,443,true,FRA,Europe,Frankfurt,176,10.10
34.154.153.178,443,443,true,CDG,Europe,Paris,197,10.10
34.65.213.159,443,443,true,FRA,Europe,Frankfurt,176,10.10
34.65.175.223,443,443,true,FRA,Europe,Frankfurt,176,10.08
34.154.61.102,443,443,true,FRA,Europe,Frankfurt,180,10.08
34.118.65.49,443,443,true,FRA,Europe,Frankfurt,192,10.08
34.154.211.195,443,443,true,FRA,Europe,Frankfurt,182,10.08
34.118.13.134,443,443,true,FRA,Europe,Frankfurt,187,10.07
34.154.71.139,443,443,true,FRA,Europe,Frankfurt,189,10.06
34.118.1.108,443,443,true,FRA,Europe,Frankfurt,311,10.06
34.116.158.237,443,443,true,FRA,Europe,Frankfurt,186,10.05
34.118.55.40,443,443,true,FRA,Europe,Frankfurt,189,10.05
34.65.193.203,443,443,true,CDG,Europe,Paris,176,10.04
34.65.170.142,443,443,true,FRA,Europe,Frankfurt,188,10.04
34.118.0.245,443,443,true,FRA,Europe,Frankfurt,193,10.03
34.65.222.113,443,443,true,FRA,Europe,Frankfurt,175,10.03
34.118.105.120,443,443,true,FRA,Europe,Frankfurt,207,10.03
34.141.206.82,443,443,true,FRA,Europe,Frankfurt,182,10.02
34.154.151.69,443,443,true,FRA,Europe,Frankfurt,178,10.01
34.154.43.127,443,443,true,CDG,Europe,Paris,181,10.01
34.118.69.58,443,443,true,FRA,Europe,Frankfurt,191,9.99
34.91.83.233,443,443,true,FRA,Europe,Frankfurt,176,9.98
34.154.174.141,443,443,true,FRA,Europe,Frankfurt,187,9.98
34.118.76.96,443,443,true,FRA,Europe,Frankfurt,196,9.98
34.116.166.235,443,443,true,FRA,Europe,Frankfurt,190,9.97
34.118.13.134,443,443,true,FRA,Europe,Frankfurt,269,9.97
34.118.58.9,443,443,true,FRA,Europe,Frankfurt,197,9.97
34.116.188.237,443,443,true,FRA,Europe,Frankfurt,260,9.96
34.116.195.106,443,443,true,FRA,Europe,Frankfurt,242,9.95
34.154.201.23,443,443,true,FRA,Europe,Frankfurt,176,9.95
34.154.143.132,443,443,true,CDG,Europe,Paris,196,9.95
34.154.105.105,443,443,true,FRA,Europe,Frankfurt,231,9.94
34.118.20.188,443,443,true,FRA,Europe,Frankfurt,191,9.94
34.154.127.37,443,443,true,FRA,Europe,Frankfurt,175,9.93
34.118.23.103,443,443,true,FRA,Europe,Frankfurt,288,9.92
34.88.63.160,443,443,true,FRA,Europe,Frankfurt,189,9.92
34.118.55.28,443,443,true,FRA,Europe,Frankfurt,186,9.92
34.118.1.108,443,443,true,FRA,Europe,Frankfurt,185,9.91
34.65.183.109,443,443,true,FRA,Europe,Frankfurt,176,9.90
34.118.3.82,443,443,true,FRA,Europe,Frankfurt,192,9.90
34.65.179.48,443,443,true,FRA,Europe,Frankfurt,188,9.89
34.118.52.106,443,443,true,FRA,Europe,Frankfurt,189,9.89
34.34.51.148,443,443,true,FRA,Europe,Frankfurt,257,9.87
34.65.3.75,443,443,true,CDG,Europe,Paris,249,9.87
34.118.115.199,443,443,true,FRA,Europe,Frankfurt,188,9.87
34.116.141.102,443,443,true,FRA,Europe,Frankfurt,274,9.87
34.116.191.144,443,443,true,CDG,Europe,Paris,192,9.86
34.116.219.249,443,443,true,FRA,Europe,Frankfurt,192,9.86
34.116.153.22,443,443,true,FRA,Europe,Frankfurt,237,9.85
34.154.30.175,443,443,true,FRA,Europe,Frankfurt,175,9.85
34.65.81.63,443,443,true,FRA,Europe,Frankfurt,185,9.84
34.118.80.178,443,443,true,FRA,Europe,Frankfurt,209,9.83
34.116.128.178,443,443,true,CDG,Europe,Paris,185,9.82
34.116.191.48,443,443,true,FRA,Europe,Frankfurt,186,9.82
34.154.171.104,443,443,true,FRA,Europe,Frankfurt,178,9.82
34.118.105.120,443,443,true,FRA,Europe,Frankfurt,185,9.82
34.118.126.252,443,443,true,FRA,Europe,Frankfurt,186,9.82
34.116.193.122,443,443,true,FRA,Europe,Frankfurt,194,9.80
34.116.223.193,443,443,true,FRA,Europe,Frankfurt,183,9.80
34.118.32.226,443,443,true,FRA,Europe,Frankfurt,249,9.79
34.65.171.211,443,443,true,FRA,Europe,Frankfurt,195,9.79
34.116.175.12,443,443,true,FRA,Europe,Frankfurt,235,9.77
34.65.122.169,443,443,true,AMS,Europe,Amsterdam,184,9.77
34.65.3.109,443,443,true,FRA,Europe,Frankfurt,190,9.76
34.116.205.141,443,443,true,FRA,Europe,Frankfurt,191,9.76
34.154.97.79,443,443,true,FRA,Europe,Frankfurt,175,9.75
34.118.74.131,443,443,true,FRA,Europe,Frankfurt,203,9.75
34.65.85.125,443,443,true,FRA,Europe,Frankfurt,180,9.74
34.118.58.9,443,443,true,FRA,Europe,Frankfurt,205,9.73
34.154.215.236,443,443,true,FRA,Europe,Frankfurt,185,9.72
34.118.92.152,443,443,true,FRA,Europe,Frankfurt,191,9.71
34.65.220.67,443,443,true,FRA,Europe,Frankfurt,196,9.71
34.116.239.211,443,443,true,FRA,Europe,Frankfurt,186,9.71
34.118.126.252,443,443,true,FRA,Europe,Frankfurt,227,9.70
34.69.150.180,443,443,true,ORD,North America,Chicago,197,9.69
34.116.236.156,443,443,true,FRA,Europe,Frankfurt,191,9.68
34.118.92.152,443,443,true,FRA,Europe,Frankfurt,188,9.67
34.118.32.226,443,443,true,FRA,Europe,Frankfurt,183,9.66
34.118.7.157,443,443,true,FRA,Europe,Frankfurt,261,9.66
34.116.255.53,443,443,true,FRA,Europe,Frankfurt,200,9.66
34.116.142.119,443,443,true,FRA,Europe,Frankfurt,187,9.66
34.65.11.8,443,443,true,FRA,Europe,Frankfurt,175,9.64
34.118.61.6,443,443,true,FRA,Europe,Frankfurt,184,9.64
34.116.159.183,443,443,true,FRA,Europe,Frankfurt,206,9.63
34.116.153.22,443,443,true,FRA,Europe,Frankfurt,197,9.63
34.118.91.209,443,443,true,FRA,Europe,Frankfurt,192,9.63
34.72.146.82,443,443,true,ORD,North America,Chicago,200,9.61
35.202.158.120,443,443,true,ORD,North America,Chicago,199,9.60
34.118.62.157,443,443,true,FRA,Europe,Frankfurt,187,9.59
34.116.195.106,443,443,true,FRA,Europe,Frankfurt,187,9.59
34.66.72.229,443,443,true,ORD,North America,Chicago,205,9.58
34.72.146.82,443,443,true,ORD,North America,Chicago,196,9.58
34.118.62.37,443,443,true,FRA,Europe,Frankfurt,187,9.57
34.118.77.217,443,443,true,FRA,Europe,Frankfurt,188,9.56
34.118.55.40,443,443,true,FRA,Europe,Frankfurt,204,9.54
34.116.224.197,443,443,true,FRA,Europe,Frankfurt,278,9.54
34.118.62.157,443,443,true,FRA,Europe,Frankfurt,196,9.54
34.116.180.85,443,443,true,FRA,Europe,Frankfurt,203,9.52
34.65.236.226,443,443,true,FRA,Europe,Frankfurt,171,9.52
34.65.10.225,443,443,true,FRA,Europe,Frankfurt,176,9.51
34.116.176.52,443,443,true,FRA,Europe,Frankfurt,252,9.50
35.202.158.120,443,443,true,ORD,North America,Chicago,206,9.50
34.89.159.1,443,443,true,CDG,Europe,Paris,170,9.50
34.118.99.244,443,443,true,FRA,Europe,Frankfurt,221,9.49
34.118.14.66,443,443,true,CDG,Europe,Paris,194,9.49
34.118.61.6,443,443,true,FRA,Europe,Frankfurt,183,9.47
34.118.55.28,443,443,true,FRA,Europe,Frankfurt,184,9.46
34.116.214.219,443,443,true,FRA,Europe,Frankfurt,261,9.46
34.65.219.255,443,443,true,FRA,Europe,Frankfurt,173,9.44
34.116.148.227,443,443,true,FRA,Europe,Frankfurt,206,9.44
34.116.175.12,443,443,true,FRA,Europe,Frankfurt,259,9.44
34.65.171.211,443,443,true,FRA,Europe,Frankfurt,175,9.44
34.116.146.236,443,443,true,FRA,Europe,Frankfurt,198,9.43
34.116.189.247,443,443,true,FRA,Europe,Frankfurt,186,9.43
34.116.147.228,443,443,true,FRA,Europe,Frankfurt,214,9.43
34.118.122.123,443,443,true,FRA,Europe,Frankfurt,189,9.43
34.107.49.2,443,443,true,CDG,Europe,Paris,330,9.43
34.65.195.44,443,443,true,FRA,Europe,Frankfurt,198,9.43
34.116.241.27,443,443,true,CDG,Europe,Paris,202,9.40
104.198.153.72,8080,80,false,ORD,North America,Chicago,205,9.39
34.65.189.218,443,443,true,FRA,Europe,Frankfurt,191,9.39
34.65.58.194,443,443,true,FRA,Europe,Frankfurt,177,9.38
34.154.158.75,443,443,true,FRA,Europe,Frankfurt,178,9.37
34.116.214.3,443,443,true,FRA,Europe,Frankfurt,198,9.35
34.41.252.92,443,443,true,ORD,North America,Chicago,201,9.33
34.65.189.218,443,443,true,FRA,Europe,Frankfurt,190,9.33
34.118.36.53,443,443,true,FRA,Europe,Frankfurt,190,9.32
34.116.215.179,443,443,true,FRA,Europe,Frankfurt,186,9.32
35.232.39.116,80,80,false,DFW,North America,Dallas,205,9.32
34.118.14.66,443,443,true,FRA,Europe,Frankfurt,268,9.29
34.116.161.50,443,443,true,FRA,Europe,Frankfurt,253,9.29
34.116.147.228,443,443,true,FRA,Europe,Frankfurt,258,9.28
34.116.128.120,443,443,true,FRA,Europe,Frankfurt,209,9.27
34.116.166.235,443,443,true,FRA,Europe,Frankfurt,275,9.26
34.118.69.58,443,443,true,FRA,Europe,Frankfurt,192,9.26
34.116.214.3,443,443,true,FRA,Europe,Frankfurt,281,9.25
34.118.52.106,443,443,true,FRA,Europe,Frankfurt,188,9.23
34.116.188.237,443,443,true,CDG,Europe,Paris,186,9.22
34.65.27.74,443,443,true,FRA,Europe,Frankfurt,175,9.20
34.65.163.193,443,443,true,FRA,Europe,Frankfurt,187,9.19
34.65.171.227,443,443,true,FRA,Europe,Frankfurt,176,9.19
34.116.200.248,443,443,true,FRA,Europe,Frankfurt,200,9.18
34.116.161.128,443,443,true,FRA,Europe,Frankfurt,189,9.18
34.65.108.37,443,443,true,CDG,Europe,Paris,240,9.17
34.154.61.129,443,443,true,FRA,Europe,Frankfurt,186,9.17
34.65.240.58,443,443,true,FRA,Europe,Frankfurt,173,9.15
34.65.179.48,443,443,true,FRA,Europe,Frankfurt,175,9.14
34.118.10.49,443,443,true,FRA,Europe,Frankfurt,237,9.13
34.116.128.120,443,443,true,FRA,Europe,Frankfurt,256,9.13
34.116.132.252,443,443,true,FRA,Europe,Frankfurt,210,9.12
34.116.205.141,443,443,true,FRA,Europe,Frankfurt,271,9.12
34.118.91.209,443,443,true,FRA,Europe,Frankfurt,198,9.12
34.116.233.52,443,443,true,FRA,Europe,Frankfurt,207,9.11
34.116.166.1,443,443,true,FRA,Europe,Frankfurt,280,9.09
34.116.145.15,443,443,true,FRA,Europe,Frankfurt,184,9.08
34.118.38.73,443,443,true,CDG,Europe,Paris,262,9.08
35.232.160.115,443,443,true,ORD,North America,Chicago,206,9.07
34.116.128.178,443,443,true,FRA,Europe,Frankfurt,273,9.07
34.118.7.218,443,443,true,FRA,Europe,Frankfurt,254,9.06
34.65.141.95,443,443,true,FRA,Europe,Frankfurt,317,9.06
34.118.3.47,443,443,true,CDG,Europe,Paris,195,9.05
34.116.215.179,443,443,true,FRA,Europe,Frankfurt,287,9.04
34.116.239.211,443,443,true,FRA,Europe,Frankfurt,245,9.04
34.123.83.237,443,443,true,ORD,North America,Chicago,199,9.03
34.72.146.82,443,443,true,ORD,North America,Chicago,200,9.03
35.226.211.129,443,443,true,ORD,North America,Chicago,224,9.03
34.66.72.229,443,443,true,ORD,North America,Chicago,205,9.02
34.69.150.180,443,443,true,ORD,North America,Chicago,206,9.02
34.69.150.180,443,443,true,ORD,North America,Chicago,197,9.02
34.118.97.186,443,443,true,FRA,Europe,Frankfurt,186,9.02
34.65.170.142,443,443,true,FRA,Europe,Frankfurt,171,9.02
34.116.158.237,443,443,true,FRA,Europe,Frankfurt,239,9.01
34.66.72.229,443,443,true,ORD,North America,Chicago,206,9.01
34.145.145.76,443,443,true,IAD,North America,Ashburn,275,9.01
34.145.145.76,443,443,true,IAD,North America,Ashburn,260,9.01
35.196.227.34,80,0,false,ATL,North America,Atlanta,218,9.01
34.91.136.68,443,443,true,FRA,Europe,Frankfurt,175,9.00
34.118.7.218,443,443,true,FRA,Europe,Frankfurt,188,9.00
34.118.76.197,443,443,true,FRA,Europe,Frankfurt,185,8.98
34.118.23.103,443,443,true,FRA,Europe,Frankfurt,190,8.96
34.150.180.124,443,443,true,IAD,North America,Ashburn,211,8.96
34.116.191.48,443,443,true,EWR,North America,Newark,267,8.96
34.118.122.123,443,443,true,FRA,Europe,Frankfurt,189,8.95
34.65.136.216,443,443,true,FRA,Europe,Frankfurt,212,8.94
34.116.219.56,443,443,true,FRA,Europe,Frankfurt,204,8.93
34.69.150.180,443,443,true,ORD,North America,Chicago,207,8.93
34.118.115.199,443,443,true,FRA,Europe,Frankfurt,190,8.90
34.118.10.184,443,443,true,FRA,Europe,Frankfurt,190,8.89
34.154.198.233,443,443,true,FRA,Europe,Frankfurt,180,8.89
34.65.113.146,443,443,true,FRA,Europe,Frankfurt,179,8.88
34.116.142.119,443,443,true,FRA,Europe,Frankfurt,254,8.88
34.65.171.227,443,443,true,FRA,Europe,Frankfurt,189,8.87
34.116.189.247,443,443,true,FRA,Europe,Frankfurt,251,8.87
34.65.254.136,443,443,true,FRA,Europe,Frankfurt,175,8.85
34.118.70.10,443,443,true,CDG,Europe,Paris,214,8.84
34.118.65.49,443,443,true,FRA,Europe,Frankfurt,187,8.84
34.65.123.126,443,443,true,FRA,Europe,Frankfurt,172,8.83
34.65.43.245,443,443,true,FRA,Europe,Frankfurt,172,8.82
34.150.133.11,443,443,true,IAD,North America,Ashburn,211,8.81
34.116.172.212,443,443,true,FRA,Europe,Frankfurt,249,8.80
34.48.88.140,443,443,true,IAD,North America,Ashburn,247,8.80
34.65.68.162,443,443,true,FRA,Europe,Frankfurt,179,8.80
34.150.133.11,443,443,true,IAD,North America,Ashburn,224,8.80
34.118.127.11,443,443,true,FRA,Europe,Frankfurt,185,8.78
34.85.199.232,443,443,true,IAD,North America,Ashburn,217,8.78
34.116.187.139,443,443,true,FRA,Europe,Frankfurt,190,8.78
34.116.192.231,443,443,true,FRA,Europe,Frankfurt,198,8.77
34.116.203.29,443,443,true,FRA,Europe,Frankfurt,196,8.76
34.65.68.162,443,443,true,FRA,Europe,Frankfurt,175,8.76
34.116.159.225,443,443,true,FRA,Europe,Frankfurt,356,8.76
34.118.17.152,443,443,true,FRA,Europe,Frankfurt,362,8.75
34.118.74.131,443,443,true,FRA,Europe,Frankfurt,185,8.74
34.65.231.140,443,443,true,FRA,Europe,Frankfurt,176,8.74
34.118.3.47,443,443,true,FRA,Europe,Frankfurt,284,8.73
34.150.180.124,443,443,true,IAD,North America,Ashburn,211,8.73
34.118.20.188,443,443,true,FRA,Europe,Frankfurt,284,8.72
34.65.181.51,443,443,true,FRA,Europe,Frankfurt,184,8.72
34.116.224.197,443,443,true,FRA,Europe,Frankfurt,183,8.70
34.65.113.146,443,443,true,FRA,Europe,Frankfurt,171,8.70
34.116.233.52,443,443,true,FRA,Europe,Frankfurt,267,8.69
34.65.205.105,443,443,true,FRA,Europe,Frankfurt,173,8.69
34.116.219.249,443,443,true,FRA,Europe,Frankfurt,254,8.69
34.116.148.227,443,443,true,FRA,Europe,Frankfurt,285,8.69
34.65.170.148,443,443,true,FRA,Europe,Frankfurt,228,8.69
35.245.172.6,443,443,true,IAD,North America,Ashburn,217,8.68
34.65.16.137,443,443,true,FRA,Europe,Frankfurt,175,8.67
34.116.178.157,443,443,true,FRA,Europe,Frankfurt,192,8.67
34.31.115.64,8443,443,true,ORD,North America,Chicago,214,8.67
34.116.172.212,443,443,true,FRA,Europe,Frankfurt,205,8.66
34.154.53.213,443,443,true,FRA,Europe,Frankfurt,209,8.65
34.65.85.125,443,443,true,FRA,Europe,Frankfurt,178,8.64
34.65.181.51,443,443,true,FRA,Europe,Frankfurt,176,8.64
34.65.43.245,443,443,true,FRA,Europe,Frankfurt,172,8.62
34.65.240.58,443,443,true,FRA,Europe,Frankfurt,177,8.61
34.65.176.142,443,443,true,FRA,Europe,Frankfurt,194,8.61
34.85.199.232,443,443,true,IAD,North America,Ashburn,215,8.59
34.116.193.122,443,443,true,CDG,Europe,Paris,268,8.58
34.89.180.238,443,443,true,CDG,Europe,Paris,181,8.57
34.116.251.225,443,443,true,FRA,Europe,Frankfurt,190,8.56
34.85.199.232,443,443,true,IAD,North America,Ashburn,226,8.55
34.65.189.218,443,443,true,FRA,Europe,Frankfurt,183,8.53
34.116.176.79,443,443,true,FRA,Europe,Frankfurt,203,8.53
34.65.36.136,443,443,true,FRA,Europe,Frankfurt,165,8.53
34.65.3.109,443,443,true,CDG,Europe,Paris,172,8.52
34.48.88.140,443,443,true,IAD,North America,Ashburn,211,8.52
34.65.235.63,443,443,true,FRA,Europe,Frankfurt,175,8.51
34.118.127.11,443,443,true,FRA,Europe,Frankfurt,189,8.50
34.65.171.211,443,443,true,FRA,Europe,Frankfurt,175,8.46
34.65.150.148,443,443,true,FRA,Europe,Frankfurt,169,8.44
34.85.199.232,443,443,true,IAD,North America,Ashburn,213,8.44
34.118.77.217,443,443,true,FRA,Europe,Frankfurt,190,8.43
34.91.242.177,443,443,true,FRA,Europe,Frankfurt,226,8.42
34.48.100.242,443,443,true,IAD,North America,Ashburn,212,8.42
34.65.204.130,443,443,true,FRA,Europe,Frankfurt,282,8.42
34.150.166.199,443,443,true,IAD,North America,Ashburn,212,8.41
34.65.3.109,443,443,true,FRA,Europe,Frankfurt,174,8.41
34.118.62.176,443,443,true,FRA,Europe,Frankfurt,274,8.40
34.150.166.199,443,443,true,IAD,North America,Ashburn,211,8.40
34.65.181.51,443,443,true,FRA,Europe,Frankfurt,176,8.40
35.190.152.145,443,443,true,ATL,North America,Atlanta,221,8.39
34.74.105.17,80,8080,false,ATL,North America,Atlanta,218,8.38
34.65.195.44,443,443,true,FRA,Europe,Frankfurt,180,8.36
35.202.158.120,443,443,true,ORD,North America,Chicago,206,8.36
34.65.231.140,443,443,true,FRA,Europe,Frankfurt,199,8.35
35.242.242.5,443,443,true,FRA,Europe,Frankfurt,241,8.34
34.74.105.17,80,8080,false,ATL,North America,Atlanta,219,8.32
34.65.36.136,443,443,true,FRA,Europe,Frankfurt,255,8.31
34.116.141.102,443,443,true,FRA,Europe,Frankfurt,194,8.31
34.74.105.17,80,8080,false,ATL,North America,Atlanta,218,8.26
34.32.188.148,443,443,true,FRA,Europe,Frankfurt,242,8.26
34.65.254.14,443,443,true,FRA,Europe,Frankfurt,184,8.26
35.186.191.226,443,443,true,IAD,North America,Ashburn,212,8.25
34.116.156.200,443,443,true,EWR,North America,Newark,184,8.24
34.65.233.74,443,443,true,FRA,Europe,Frankfurt,174,8.23
34.34.51.148,443,443,true,FRA,Europe,Frankfurt,231,8.22
35.199.37.84,443,443,true,IAD,North America,Ashburn,212,8.21
34.48.100.242,443,443,true,IAD,North America,Ashburn,239,8.19
34.65.3.109,443,443,true,FRA,Europe,Frankfurt,170,8.19
34.154.127.225,443,443,true,FRA,Europe,Frankfurt,255,8.18
34.65.140.94,443,443,true,EWR,North America,Newark,260,8.16
34.116.166.1,443,443,true,FRA,Europe,Frankfurt,209,8.15
34.148.187.247,443,443,true,ATL,North America,Atlanta,224,8.13
34.65.219.255,443,443,true,CDG,Europe,Paris,173,8.11
34.65.44.114,443,443,true,FRA,Europe,Frankfurt,182,8.08
34.116.192.231,443,443,true,FRA,Europe,Frankfurt,278,8.06
34.65.231.219,443,443,true,FRA,Europe,Frankfurt,244,8.06
34.116.176.52,443,443,true,FRA,Europe,Frankfurt,218,8.03
34.118.76.197,443,443,true,FRA,Europe,Frankfurt,197,8.02
34.116.171.197,443,443,true,FRA,Europe,Frankfurt,280,7.99
34.65.233.74,443,443,true,FRA,Europe,Frankfurt,176,7.95
34.91.217.239,443,443,true,FRA,Europe,Frankfurt,241,7.92
35.196.72.166,443,443,true,ATL,North America,Atlanta,218,7.90
34.65.240.58,443,443,true,FRA,Europe,Frankfurt,175,7.90
35.242.212.57,443,443,true,EWR,North America,Newark,228,7.81
34.65.176.142,443,443,true,FRA,Europe,Frankfurt,175,7.80
34.65.114.157,443,443,true,FRA,Europe,Frankfurt,173,7.79
34.65.114.157,443,443,true,FRA,Europe,Frankfurt,174,7.79
35.185.75.107,443,443,true,ATL,North America,Atlanta,219,7.79
34.65.11.8,443,443,true,FRA,Europe,Frankfurt,191,7.77
35.204.227.85,443,443,true,FRA,Europe,Frankfurt,278,7.76
34.154.64.94,443,443,true,EWR,North America,Newark,241,7.75
34.65.181.51,443,443,true,FRA,Europe,Frankfurt,173,7.74
34.65.58.194,443,443,true,FRA,Europe,Frankfurt,175,7.72
34.65.191.192,443,443,true,FRA,Europe,Frankfurt,177,7.68
34.107.57.128,443,443,true,FRA,Europe,Frankfurt,243,7.65
35.245.15.225,443,443,true,IAD,North America,Ashburn,222,7.62
34.65.70.151,443,443,true,FRA,Europe,Frankfurt,190,7.62
34.65.231.219,443,443,true,FRA,Europe,Frankfurt,172,7.61
34.65.70.151,443,443,true,FRA,Europe,Frankfurt,177,7.58
34.65.254.14,443,443,true,FRA,Europe,Frankfurt,178,7.54
34.118.81.8,443,443,true,FRA,Europe,Frankfurt,222,7.54
34.65.68.162,443,443,true,FRA,Europe,Frankfurt,174,7.51
34.65.43.245,443,443,true,FRA,Europe,Frankfurt,175,7.50
34.65.171.227,443,443,true,FRA,Europe,Frankfurt,175,7.46
34.65.125.44,443,443,true,FRA,Europe,Frankfurt,178,7.46
34.65.108.37,443,443,true,FRA,Europe,Frankfurt,174,7.43
34.65.176.142,443,443,true,FRA,Europe,Frankfurt,176,7.41
34.65.159.16,443,443,true,FRA,Europe,Frankfurt,251,7.40
34.65.236.226,443,443,true,FRA,Europe,Frankfurt,179,7.39
34.65.142.228,443,443,true,FRA,Europe,Frankfurt,175,7.37
34.34.186.205,443,443,true,CDG,Europe,Paris,227,7.37
34.116.161.50,443,443,true,FRA,Europe,Frankfurt,211,7.34
34.107.94.44,443,443,true,CDG,Europe,Paris,292,7.30
34.65.165.68,443,443,true,FRA,Europe,Frankfurt,188,7.27
34.34.186.205,443,443,true,CDG,Europe,Paris,231,7.24
34.65.202.210,443,443,true,FRA,Europe,Frankfurt,258,7.23
34.65.205.105,443,443,true,FRA,Europe,Frankfurt,187,7.22
34.65.220.67,443,443,true,FRA,Europe,Frankfurt,173,7.22
34.65.250.76,443,443,true,CDG,Europe,Paris,175,7.18
34.65.41.222,443,443,true,FRA,Europe,Frankfurt,175,7.17
34.91.152.59,443,443,true,FRA,Europe,Frankfurt,225,7.15
34.65.125.44,443,443,true,FRA,Europe,Frankfurt,175,7.12
34.65.163.193,443,443,true,FRA,Europe,Frankfurt,173,7.12
34.65.44.114,443,443,true,FRA,Europe,Frankfurt,218,7.11
34.65.150.119,443,443,true,FRA,Europe,Frankfurt,259,7.10
34.65.165.68,443,443,true,FRA,Europe,Frankfurt,187,7.09
34.65.206.32,443,443,true,FRA,Europe,Frankfurt,201,7.07
34.65.108.37,443,443,true,FRA,Europe,Frankfurt,177,7.06
34.65.222.113,443,443,true,FRA,Europe,Frankfurt,214,7.05
34.65.136.216,443,443,true,FRA,Europe,Frankfurt,170,7.02
34.65.18.21,443,443,true,FRA,Europe,Frankfurt,179,6.98
34.154.244.177,443,443,true,FRA,Europe,Frankfurt,218,6.94
35.224.40.99,443,443,true,ORD,North America,Chicago,197,6.94
34.116.143.230,443,443,true,FRA,Europe,Frankfurt,288,6.93
34.65.58.194,443,443,true,FRA,Europe,Frankfurt,177,6.90
34.65.206.32,443,443,true,FRA,Europe,Frankfurt,188,6.90
34.65.85.125,443,443,true,FRA,Europe,Frankfurt,174,6.77
34.65.3.75,443,443,true,FRA,Europe,Frankfurt,299,6.73
34.141.181.104,443,443,true,FRA,Europe,Frankfurt,203,6.70
34.65.132.164,443,443,true,FRA,Europe,Frankfurt,174,6.67
35.246.229.228,443,443,true,CDG,Europe,Paris,260,6.67
34.65.175.223,443,443,true,FRA,Europe,Frankfurt,172,6.64
34.65.191.192,443,443,true,FRA,Europe,Frankfurt,176,6.59
34.65.16.137,443,443,true,FRA,Europe,Frankfurt,217,6.58
34.65.11.8,443,443,true,FRA,Europe,Frankfurt,181,6.56
34.65.193.203,443,443,true,FRA,Europe,Frankfurt,188,6.41
34.65.27.74,443,443,true,FRA,Europe,Frankfurt,192,6.31
34.65.170.148,443,443,true,FRA,Europe,Frankfurt,187,6.20
34.65.81.63,443,443,true,FRA,Europe,Frankfurt,193,6.10
34.65.175.223,443,443,true,FRA,Europe,Frankfurt,176,6.10
34.65.249.150,443,443,true,FRA,Europe,Frankfurt,178,6.07
35.200.238.235,443,443,true,BOM,Asia Pacific,Mumbai,189,6.04
34.65.123.126,443,443,true,FRA,Europe,Frankfurt,172,6.01
35.200.238.235,443,443,true,BOM,Asia Pacific,Mumbai,282,6.00
34.118.82.157,443,443,true,FRA,Europe,Frankfurt,259,5.94
34.65.70.151,443,443,true,FRA,Europe,Frankfurt,171,5.84
34.31.115.64,8443,443,true,ORD,North America,Chicago,233,5.83
34.65.170.142,443,443,true,FRA,Europe,Frankfurt,175,5.81
34.65.140.94,443,443,true,FRA,Europe,Frankfurt,246,5.73
34.65.250.76,443,443,true,FRA,Europe,Frankfurt,174,5.71
34.65.197.35,443,443,true,FRA,Europe,Frankfurt,165,5.64
34.65.41.222,443,443,true,FRA,Europe,Frankfurt,173,5.60
34.118.38.185,443,443,true,FRA,Europe,Frankfurt,198,5.55
34.65.68.162,443,443,true,FRA,Europe,Frankfurt,179,5.54
34.65.10.225,443,443,true,FRA,Europe,Frankfurt,174,5.51
34.65.125.44,443,443,true,CDG,Europe,Paris,174,5.50
34.65.127.249,443,443,true,FRA,Europe,Frankfurt,178,5.50
34.65.44.114,443,443,true,FRA,Europe,Frankfurt,173,5.48
34.65.231.140,443,443,true,FRA,Europe,Frankfurt,175,5.45
34.65.163.193,443,443,true,FRA,Europe,Frankfurt,175,5.45
34.118.50.15,443,443,true,FRA,Europe,Frankfurt,206,5.45
34.65.195.44,443,443,true,FRA,Europe,Frankfurt,173,5.34
34.65.142.228,443,443,true,FRA,Europe,Frankfurt,173,5.14
34.65.202.210,443,443,true,FRA,Europe,Frankfurt,178,5.14
34.65.150.148,443,443,true,FRA,Europe,Frankfurt,162,5.01
34.65.157.100,443,443,true,FRA,Europe,Frankfurt,256,4.93
34.65.171.227,443,443,true,FRA,Europe,Frankfurt,170,4.93
34.107.57.128,443,443,true,FRA,Europe,Frankfurt,516,4.82
34.65.179.48,443,443,true,FRA,Europe,Frankfurt,176,4.76
34.65.165.68,443,443,true,FRA,Europe,Frankfurt,173,4.75
34.65.189.218,443,443,true,FRA,Europe,Frankfurt,173,4.61
34.107.43.137,443,443,true,FRA,Europe,Frankfurt,314,4.53
35.198.133.143,443,443,true,FRA,Europe,Frankfurt,244,4.43
34.65.190.252,443,443,true,FRA,Europe,Frankfurt,174,4.39
34.118.65.106,443,443,true,FRA,Europe,Frankfurt,282,4.27
34.107.43.137,443,443,true,FRA,Europe,Frankfurt,235,4.15
34.90.14.162,443,443,true,FRA,Europe,Frankfurt,256,4.12
34.65.247.155,443,443,true,FRA,Europe,Frankfurt,255,3.87
34.91.242.177,443,443,true,FRA,Europe,Frankfurt,185,3.85
34.65.157.100,443,443,true,FRA,Europe,Frankfurt,189,3.80
34.165.39.66,443,80,false,MRS,Europe,Marseille,181,3.75
34.165.40.179,443,80,false,MRS,Europe,Marseille,180,3.62
34.118.81.8,443,443,true,FRA,Europe,Frankfurt,258,3.59
34.91.133.138,443,443,true,FRA,Europe,Frankfurt,255,3.51
34.89.220.83,443,443,true,CDG,Europe,Paris,154,3.50
34.116.159.225,443,443,true,FRA,Europe,Frankfurt,261,3.47
34.89.234.44,443,443,true,FRA,Europe,Frankfurt,167,3.41
34.118.82.157,443,443,true,FRA,Europe,Frankfurt,235,3.35
34.118.103.187,443,443,true,FRA,Europe,Frankfurt,290,3.35
34.65.3.75,443,443,true,FRA,Europe,Frankfurt,247,3.28
34.141.250.30,443,443,true,CDG,Europe,Paris,257,3.25
34.91.133.138,443,443,true,FRA,Europe,Frankfurt,262,3.24
34.165.39.66,443,80,false,MRS,Europe,Marseille,178,3.20
34.154.185.5,443,443,true,FRA,Europe,Frankfurt,268,3.19
34.32.230.208,443,443,true,EWR,North America,Newark,163,3.17
34.116.239.18,443,443,true,FRA,Europe,Frankfurt,263,3.12
34.89.220.83,443,443,true,FRA,Europe,Frankfurt,178,3.11
34.65.222.113,443,443,true,FRA,Europe,Frankfurt,179,3.04
34.65.61.221,443,443,true,FRA,Europe,Frankfurt,172,3.03
34.65.35.242,443,443,true,FRA,Europe,Frankfurt,211,3.01
34.91.164.135,443,443,true,FRA,Europe,Frankfurt,258,2.98
34.65.18.21,443,443,true,FRA,Europe,Frankfurt,174,2.96
34.116.238.113,443,443,true,FRA,Europe,Frankfurt,286,2.95
34.90.29.94,443,443,true,CDG,Europe,Paris,232,2.94
34.65.209.66,443,443,true,FRA,Europe,Frankfurt,261,2.93
34.65.108.239,443,443,true,FRA,Europe,Frankfurt,236,2.89
34.90.108.249,443,443,true,FRA,Europe,Frankfurt,178,2.89
34.89.134.176,443,443,true,EWR,North America,Newark,223,2.89
34.65.204.130,443,443,true,FRA,Europe,Frankfurt,234,2.87
34.91.164.135,443,443,true,FRA,Europe,Frankfurt,173,2.85
34.65.220.67,443,443,true,FRA,Europe,Frankfurt,173,2.85
34.116.143.230,443,443,true,FRA,Europe,Frankfurt,312,2.76
35.242.244.209,443,443,true,FRA,Europe,Frankfurt,283,2.74
34.154.199.12,443,443,true,FRA,Europe,Frankfurt,270,2.74
34.118.17.152,443,443,true,FRA,Europe,Frankfurt,210,2.71
34.147.101.117,2053,80,false,AMS,Europe,Amsterdam,164,2.66
34.65.85.125,443,443,true,FRA,Europe,Frankfurt,177,2.66
34.147.101.117,2083,80,false,AMS,Europe,Amsterdam,165,2.63
34.147.101.117,2082,80,false,AMS,Europe,Amsterdam,165,2.63
34.65.167.153,443,443,true,FRA,Europe,Frankfurt,250,2.61
34.147.101.117,2052,80,false,AMS,Europe,Amsterdam,163,2.58
34.65.214.126,443,443,true,FRA,Europe,Frankfurt,165,2.56
34.175.95.58,2095,80,false,MAD,Europe,Madrid,178,2.52
34.154.251.149,443,443,true,FRA,Europe,Frankfurt,254,2.50
34.175.95.58,2086,80,false,MAD,Europe,Madrid,181,2.50
34.140.239.154,2086,80,false,CDG,Europe,Paris,160,2.50
34.175.133.251,2086,80,false,MAD,Europe,Madrid,185,2.50
34.154.203.191,443,443,true,FRA,Europe,Frankfurt,245,2.49
34.147.101.117,2095,80,false,AMS,Europe,Amsterdam,160,2.49
34.140.239.154,2096,80,false,CDG,Europe,Paris,162,2.48
35.204.114.133,443,443,true,FRA,Europe,Frankfurt,253,2.48
34.175.95.58,2082,80,false,MAD,Europe,Madrid,185,2.48
34.175.95.58,2083,80,false,MAD,Europe,Madrid,180,2.48
34.175.95.58,2052,80,false,MAD,Europe,Madrid,182,2.48
34.147.101.117,2096,80,false,AMS,Europe,Amsterdam,161,2.48
34.175.95.58,2087,80,false,MAD,Europe,Madrid,181,2.47
34.175.95.58,2096,80,false,MAD,Europe,Madrid,178,2.46
35.187.41.171,2083,80,false,CDG,Europe,Paris,160,2.46
34.147.101.117,2086,80,false,AMS,Europe,Amsterdam,164,2.46
34.65.114.157,443,443,true,FRA,Europe,Frankfurt,175,2.45
34.32.247.251,443,443,true,FRA,Europe,Frankfurt,236,2.45
34.175.161.245,2083,80,false,MAD,Europe,Madrid,182,2.43
34.140.239.154,2053,80,false,CDG,Europe,Paris,161,2.42
34.175.168.99,2083,80,false,MAD,Europe,Madrid,177,2.42
34.175.244.157,2052,80,false,MAD,Europe,Madrid,180,2.42
34.65.108.239,443,443,true,FRA,Europe,Frankfurt,249,2.42
34.147.101.117,2087,80,false,AMS,Europe,Amsterdam,160,2.41
34.175.168.99,2087,80,false,MAD,Europe,Madrid,180,2.41
34.175.133.251,2096,80,false,MAD,Europe,Madrid,180,2.41
34.175.161.245,2087,80,false,MAD,Europe,Madrid,180,2.40
34.91.242.177,443,443,true,FRA,Europe,Frankfurt,206,2.40
34.175.161.245,2052,80,false,MAD,Europe,Madrid,179,2.39
34.175.7.231,2082,80,false,MAD,Europe,Madrid,179,2.39
34.175.244.157,2096,80,false,MAD,Europe,Madrid,180,2.39
34.175.161.245,2053,80,false,MAD,Europe,Madrid,177,2.39
34.175.244.157,2083,80,false,MAD,Europe,Madrid,180,2.38
34.175.133.251,2083,80,false,MAD,Europe,Madrid,178,2.38
34.175.95.58,2053,80,false,MAD,Europe,Madrid,179,2.38
34.154.208.160,443,443,true,FRA,Europe,Frankfurt,185,2.37
34.154.51.149,443,443,true,FRA,Europe,Frankfurt,262,2.37
34.175.99.73,2082,80,false,MAD,Europe,Madrid,179,2.36
34.175.99.73,2096,80,false,MAD,Europe,Madrid,181,2.36
34.175.133.251,2053,80,false,MAD,Europe,Madrid,180,2.36
34.140.239.154,2082,80,false,CDG,Europe,Paris,164,2.36
34.154.240.218,443,443,true,AMS,Europe,Amsterdam,210,2.36
35.187.41.171,2087,80,false,CDG,Europe,Paris,167,2.35
34.175.133.251,2082,80,false,MAD,Europe,Madrid,179,2.33
34.165.40.179,443,80,false,MRS,Europe,Marseille,178,2.33
34.175.244.157,2053,80,false,MAD,Europe,Madrid,180,2.32
34.141.152.53,443,443,true,FRA,Europe,Frankfurt,236,2.32
35.229.161.32,443,443,true,TPE,Asia Pacific,Taipei,45,2.32
34.107.43.137,443,443,true,FRA,Europe,Frankfurt,310,2.30
34.175.244.157,2095,80,false,MAD,Europe,Madrid,178,2.30
34.175.133.251,2095,80,false,MAD,Europe,Madrid,181,2.28
34.175.133.251,2052,80,false,MAD,Europe,Madrid,181,2.28
34.147.82.194,2053,80,false,AMS,Europe,Amsterdam,164,2.26
34.175.161.245,2086,80,false,MAD,Europe,Madrid,184,2.24
34.175.99.73,2095,80,false,MAD,Europe,Madrid,180,2.24
34.175.161.245,2082,80,false,MAD,Europe,Madrid,180,2.22
34.140.239.154,2083,80,false,CDG,Europe,Paris,166,2.21
34.65.202.210,443,443,true,FRA,Europe,Frankfurt,253,2.21
34.175.7.231,2087,80,false,MAD,Europe,Madrid,182,2.21
34.140.239.154,2087,80,false,CDG,Europe,Paris,165,2.21
34.175.244.157,2082,80,false,MAD,Europe,Madrid,180,2.20
34.175.244.157,2086,80,false,MAD,Europe,Madrid,180,2.20
34.175.168.99,2082,80,false,MAD,Europe,Madrid,179,2.20
34.175.99.73,2086,80,false,MAD,Europe,Madrid,183,2.20
34.140.239.154,2052,80,false,CDG,Europe,Paris,161,2.20
34.90.91.163,443,443,true,FRA,Europe,Frankfurt,244,2.19
34.175.133.251,2087,80,false,MAD,Europe,Madrid,180,2.19
34.140.239.154,2095,80,false,CDG,Europe,Paris,163,2.19
34.175.161.245,2096,80,false,MAD,Europe,Madrid,177,2.18
34.175.99.73,2052,80,false,MAD,Europe,Madrid,182,2.17
34.175.244.157,2087,80,false,MAD,Europe,Madrid,181,2.17
34.175.7.231,2052,80,false,MAD,Europe,Madrid,179,2.14
34.175.7.231,2053,80,false,MAD,Europe,Madrid,182,2.13
34.65.202.210,443,443,true,FRA,Europe,Frankfurt,185,2.13
34.65.25.217,443,443,true,FRA,Europe,Frankfurt,244,2.11
34.154.6.110,443,443,true,CDG,Europe,Paris,179,2.11
34.175.143.15,2095,80,false,MAD,Europe,Madrid,180,2.09
34.89.159.78,443,443,true,CDG,Europe,Paris,247,2.09
34.107.57.128,443,443,true,FRA,Europe,Frankfurt,243,2.08
34.107.19.191,443,443,true,FRA,Europe,Frankfurt,183,2.07
34.175.161.245,2095,80,false,MAD,Europe,Madrid,178,2.06
34.65.197.35,443,443,true,FRA,Europe,Frankfurt,263,2.04
34.89.215.49,443,443,true,FRA,Europe,Frankfurt,246,2.04
34.91.166.255,443,443,true,FRA,Europe,Frankfurt,226,2.03
35.198.174.41,443,443,true,FRA,Europe,Frankfurt,156,2.02
34.91.133.138,443,443,true,FRA,Europe,Frankfurt,184,2.02
34.90.108.249,443,443,true,FRA,Europe,Frankfurt,218,2.00
35.204.20.127,443,443,true,FRA,Europe,Frankfurt,244,2.00
34.65.150.119,443,443,true,FRA,Europe,Frankfurt,228,1.96
34.65.161.35,443,443,true,FRA,Europe,Frankfurt,253,1.96
34.154.94.196,443,443,true,CDG,Europe,Paris,259,1.94
34.91.166.255,443,443,true,FRA,Europe,Frankfurt,177,1.88
34.118.41.105,443,443,true,FRA,Europe,Frankfurt,325,1.84
35.198.120.88,443,443,true,FRA,Europe,Frankfurt,248,1.83
34.65.170.148,443,443,true,FRA,Europe,Frankfurt,256,1.79
34.65.214.126,443,443,true,EWR,North America,Newark,274,1.74
34.89.212.37,443,443,true,FRA,Europe,Frankfurt,156,1.71
34.91.133.138,443,443,true,FRA,Europe,Frankfurt,257,1.71
34.89.215.49,443,443,true,FRA,Europe,Frankfurt,213,1.71
34.65.157.100,443,443,true,FRA,Europe,Frankfurt,263,1.71
34.32.188.148,443,443,true,FRA,Europe,Frankfurt,246,1.65
34.65.36.136,443,443,true,FRA,Europe,Frankfurt,257,1.62
34.116.152.33,443,443,true,FRA,Europe,Frankfurt,211,1.61
34.91.217.239,443,443,true,FRA,Europe,Frankfurt,165,1.61
34.118.29.115,443,443,true,FRA,Europe,Frankfurt,233,1.61
34.65.140.94,443,443,true,CDG,Europe,Paris,177,1.60
34.118.0.250,443,443,true,FRA,Europe,Frankfurt,260,1.59
34.116.171.221,443,443,true,FRA,Europe,Frankfurt,262,1.59
34.154.41.20,443,443,true,FRA,Europe,Frankfurt,259,1.58
34.116.246.250,443,443,true,FRA,Europe,Frankfurt,266,1.58
34.65.197.35,443,443,true,FRA,Europe,Frankfurt,401,1.56
34.141.255.0,443,443,true,FRA,Europe,Frankfurt,361,1.56
34.159.158.159,443,443,true,FRA,Europe,Frankfurt,241,1.55
34.118.123.62,443,443,true,CDG,Europe,Paris,262,1.53
34.116.238.113,443,443,true,FRA,Europe,Frankfurt,350,1.51
34.154.53.117,443,443,true,FRA,Europe,Frankfurt,260,1.50
34.118.123.62,443,443,true,FRA,Europe,Frankfurt,246,1.47
34.65.25.217,443,443,true,FRA,Europe,Frankfurt,262,1.47
34.65.209.66,443,443,true,FRA,Europe,Frankfurt,162,1.43
34.89.212.37,443,443,true,FRA,Europe,Frankfurt,230,1.42
34.65.157.100,443,443,true,FRA,Europe,Frankfurt,249,1.38
34.159.107.80,443,443,true,FRA,Europe,Frankfurt,213,1.38
34.65.247.155,443,443,true,FRA,Europe,Frankfurt,262,1.38
34.65.231.219,443,443,true,FRA,Europe,Frankfurt,173,1.36
34.154.154.29,443,443,true,FRA,Europe,Frankfurt,231,1.35
34.89.134.176,443,443,true,FRA,Europe,Frankfurt,251,1.35
34.107.94.44,443,443,true,CDG,Europe,Paris,214,1.31
34.65.2.140,443,443,true,FRA,Europe,Frankfurt,217,1.29
34.141.163.77,443,443,true,FRA,Europe,Frankfurt,260,1.29
34.65.108.239,443,443,true,FRA,Europe,Frankfurt,186,1.27
34.91.242.177,443,443,true,FRA,Europe,Frankfurt,279,1.27
34.116.159.95,443,443,true,FRA,Europe,Frankfurt,350,1.26
34.91.152.59,443,443,true,FRA,Europe,Frankfurt,169,1.25
34.118.38.185,443,443,true,FRA,Europe,Frankfurt,311,1.24
34.65.161.35,443,443,true,FRA,Europe,Frankfurt,281,1.24
34.116.224.156,443,443,true,FRA,Europe,Frankfurt,210,1.23
34.118.31.28,443,443,true,FRA,Europe,Frankfurt,263,1.20
34.154.214.193,443,443,true,FRA,Europe,Frankfurt,178,1.19
34.154.94.37,443,443,true,FRA,Europe,Frankfurt,167,1.17
34.32.225.217,443,443,true,FRA,Europe,Frankfurt,176,1.14
34.65.197.35,443,443,true,FRA,Europe,Frankfurt,253,1.14
34.65.204.130,443,443,true,FRA,Europe,Frankfurt,215,1.14
34.90.91.163,443,443,true,FRA,Europe,Frankfurt,225,1.12
34.116.212.119,443,443,true,FRA,Europe,Frankfurt,268,1.08
34.65.239.157,443,443,true,FRA,Europe,Frankfurt,179,1.07
34.116.149.184,443,443,true,FRA,Europe,Frankfurt,292,1.05
34.107.244.162,80,0,false,SIN,Asia Pacific,Singapore,12,1.03
34.116.233.124,443,443,true,FRA,Europe,Frankfurt,177,1.02
34.65.222.97,443,443,true,FRA,Europe,Frankfurt,254,1.00
34.65.36.136,443,443,true,FRA,Europe,Frankfurt,255,1.00
34.65.214.126,443,443,true,FRA,Europe,Frankfurt,260,1.00
34.107.244.162,80,0,false,SIN,Asia Pacific,Singapore,21,0.99
34.116.249.21,443,443,true,FRA,Europe,Frankfurt,274,0.98
34.65.174.156,443,443,true,FRA,Europe,Frankfurt,249,0.97
34.89.180.238,443,443,true,FRA,Europe,Frankfurt,229,0.97
34.65.35.242,443,443,true,FRA,Europe,Frankfurt,226,0.94
34.118.99.186,443,443,true,FRA,Europe,Frankfurt,273,0.89
34.107.49.2,443,443,true,FRA,Europe,Frankfurt,239,0.87
34.65.247.155,443,443,true,FRA,Europe,Frankfurt,265,0.87
34.65.159.16,443,443,true,EWR,North America,Newark,278,0.86
34.118.72.29,443,443,true,FRA,Europe,Frankfurt,262,0.85
34.118.0.250,443,443,true,FRA,Europe,Frankfurt,308,0.85
34.118.72.29,443,443,true,FRA,Europe,Frankfurt,265,0.84
34.154.137.154,443,443,true,FRA,Europe,Frankfurt,170,0.83
34.65.141.95,443,443,true,FRA,Europe,Frankfurt,276,0.81
34.154.152.131,443,443,true,FRA,Europe,Frankfurt,236,0.78
34.65.150.119,443,443,true,FRA,Europe,Frankfurt,171,0.76
34.116.224.156,443,443,true,FRA,Europe,Frankfurt,334,0.76
34.65.170.148,443,443,true,FRA,Europe,Frankfurt,252,0.76
34.118.57.241,443,443,true,FRA,Europe,Frankfurt,200,0.73
34.118.62.176,443,443,true,FRA,Europe,Frankfurt,271,0.71
34.31.145.80,80,0,false,ORD,North America,Chicago,206,0.71
35.246.190.20,443,443,true,FRA,Europe,Frankfurt,178,0.71
34.118.50.15,443,443,true,FRA,Europe,Frankfurt,268,0.71
34.118.99.186,443,443,true,FRA,Europe,Frankfurt,265,0.70
34.31.145.80,80,0,false,ORD,North America,Chicago,200,0.70
34.147.62.133,443,443,true,FRA,Europe,Frankfurt,227,0.69
34.65.159.16,443,443,true,FRA,Europe,Frankfurt,190,0.68
34.65.174.156,443,443,true,FRA,Europe,Frankfurt,184,0.66
34.65.108.239,443,443,true,FRA,Europe,Frankfurt,258,0.66
34.116.154.245,443,443,true,EWR,North America,Newark,279,0.66
34.32.196.236,443,443,true,FRA,Europe,Frankfurt,172,0.64
34.65.174.156,443,443,true,FRA,Europe,Frankfurt,177,0.62
34.65.2.140,443,443,true,FRA,Europe,Frankfurt,230,0.61
34.118.86.176,443,443,true,FRA,Europe,Frankfurt,275,0.60
34.65.2.140,443,443,true,FRA,Europe,Frankfurt,247,0.59
34.65.150.119,443,443,true,FRA,Europe,Frankfurt,214,0.59
34.65.161.35,443,443,true,FRA,Europe,Frankfurt,266,0.56
34.107.19.191,443,443,true,FRA,Europe,Frankfurt,370,0.56
34.65.2.140,443,443,true,FRA,Europe,Frankfurt,236,0.52
34.90.108.249,443,443,true,FRA,Europe,Frankfurt,176,0.52
34.118.31.28,443,443,true,FRA,Europe,Frankfurt,332,0.50
34.116.212.119,443,443,true,CDG,Europe,Paris,344,0.50
34.65.150.148,443,443,true,FRA,Europe,Frankfurt,259,0.49
34.65.167.153,443,443,true,FRA,Europe,Frankfurt,261,0.49
34.65.222.97,443,443,true,FRA,Europe,Frankfurt,268,0.46
34.89.234.44,443,443,true,FRA,Europe,Frankfurt,207,0.45
34.65.222.97,443,443,true,FRA,Europe,Frankfurt,260,0.44
34.65.3.75,443,443,true,FRA,Europe,Frankfurt,231,0.43
34.154.145.255,443,443,true,FRA,Europe,Frankfurt,246,0.42
34.116.159.95,443,443,true,FRA,Europe,Frankfurt,237,0.39
34.65.196.170,443,443,true,FRA,Europe,Frankfurt,244,0.37
34.41.252.92,443,443,true,ORD,North America,Chicago,200,0.37
34.32.230.208,443,443,true,CDG,Europe,Paris,234,0.35
34.120.198.225,80,0,false,SIN,Asia Pacific,Singapore,18,0.34
34.65.167.153,443,443,true,FRA,Europe,Frankfurt,214,0.34
34.91.217.239,443,443,true,FRA,Europe,Frankfurt,250,0.31
34.118.65.106,443,443,true,FRA,Europe,Frankfurt,271,0.28
34.30.246.207,80,0,false,ORD,North America,Chicago,199,0.25
34.65.161.35,443,443,true,FRA,Europe,Frankfurt,251,0.24
34.118.57.241,443,443,true,FRA,Europe,Frankfurt,311,0.20
34.65.141.95,443,443,true,FRA,Europe,Frankfurt,175,0.19
34.65.35.242,443,443,true,FRA,Europe,Frankfurt,213,0.17
34.146.45.46,80,0,false,NRT,Asia Pacific,Tokyo,74,0.16
34.65.35.242,443,443,true,FRA,Europe,Frankfurt,176,0.16
34.65.196.170,443,443,true,FRA,Europe,Frankfurt,172,0.16
34.65.159.16,443,443,true,CDG,Europe,Paris,235,0.15
34.120.198.225,80,0,false,SIN,Asia Pacific,Singapore,1,0.12
34.128.66.175,80,0,false,SIN,Asia Pacific,Singapore,82,0.09
34.118.7.157,443,443,true,FRA,Europe,Frankfurt,308,0.08
35.237.127.69,80,0,false,ATL,North America,Atlanta,259,0.08
35.247.210.99,8080,0,false,GRU,South America,São Paulo,317,0.07
34.110.176.152,80,0,false,SIN,Asia Pacific,Singapore,24,0.06
34.134.91.160,80,0,false,ORD,North America,Chicago,206,0.06
34.154.41.80,443,443,true,FRA,Europe,Frankfurt,178,0.05
34.116.171.221,443,443,true,FRA,Europe,Frankfurt,273,0.04
35.244.119.6,443,0,true,SYD,Oceania,Sydney,145,0.04
35.244.119.6,443,0,true,SYD,Oceania,Sydney,106,0.04
104.155.53.64,80,0,false,CDG,Europe,Paris,165,0.04
34.69.253.52,80,0,false,ORD,North America,Chicago,207,0.04
34.92.111.70,80,0,false,HKG,Asia Pacific,Hong Kong,37,0.04
34.92.111.70,80,0,false,HKG,Asia Pacific,Hong Kong,37,0.04
34.92.111.70,80,0,false,HKG,Asia Pacific,Hong Kong,36,0.04
34.92.111.70,80,0,false,HKG,Asia Pacific,Hong Kong,36,0.04
34.69.253.52,80,0,false,ORD,North America,Chicago,206,0.04
34.69.253.52,80,0,false,ORD,North America,Chicago,200,0.04
34.69.253.52,80,0,false,ORD,North America,Chicago,206,0.04
34.67.161.168,80,0,false,ORD,North America,Chicago,200,0.04
34.128.97.138,80,0,false,SIN,Asia Pacific,Singapore,26,0.04
34.67.161.168,80,0,false,ORD,North America,Chicago,192,0.03
34.67.161.168,80,0,false,ORD,North America,Chicago,207,0.03
35.227.246.247,80,0,false,SIN,Asia Pacific,Singapore,2,0.03
34.116.182.70,443,0,true,FRA,Europe,Frankfurt,185,0.03
34.101.196.118,80,0,false,SIN,Asia Pacific,Singapore,52,0.03
34.116.182.70,443,0,true,FRA,Europe,Frankfurt,238,0.02
34.135.54.87,80,0,false,ORD,North America,Chicago,206,0.02
35.192.66.130,80,0,false,ORD,North America,Chicago,206,0.02
34.107.208.220,80,0,false,SIN,Asia Pacific,Singapore,30,0.02
34.87.17.86,80,0,false,SIN,Asia Pacific,Singapore,2,0.02
34.121.17.180,80,0,false,ORD,North America,Chicago,196,0.02
34.107.208.220,80,0,false,SIN,Asia Pacific,Singapore,13,0.02
34.95.223.251,80,0,false,GRU,South America,São Paulo,317,0.01
34.111.68.8,80,0,false,SIN,Asia Pacific,Singapore,17,0.01
34.95.223.251,80,0,false,GRU,South America,São Paulo,319,0.01
34.95.223.251,80,0,false,GRU,South America,São Paulo,320,0.01
34.121.17.180,80,0,false,ORD,North America,Chicago,209,0.01
34.80.216.181,80,80,false,TPE,Asia Pacific,Taipei,45,0.01
34.80.216.181,80,80,false,TPE,Asia Pacific,Taipei,43,0.01
34.80.216.181,80,80,false,TPE,Asia Pacific,Taipei,44,0.01
34.80.216.181,80,80,false,TPE,Asia Pacific,Taipei,48,0.01
35.220.172.224,80,80,false,HKG,Asia Pacific,Hong Kong,37,0.01
34.146.115.66,80,80,false,NRT,Asia Pacific,Tokyo,76,0.01
35.197.154.107,80,80,false,SIN,Asia Pacific,Singapore,2,0.01
34.146.115.66,80,80,false,NRT,Asia Pacific,Tokyo,74,0.01
34.146.115.66,443,443,true,NRT,Asia Pacific,Tokyo,78,0.01
35.220.172.224,443,443,true,HKG,Asia Pacific,Hong Kong,37,0.01
34.80.216.181,443,443,true,TPE,Asia Pacific,Taipei,48,0.01
35.197.154.107,443,443,true,SIN,Asia Pacific,Singapore,2,0.01
34.80.216.181,443,443,true,TPE,Asia Pacific,Taipei,54,0.01
34.80.216.181,443,443,true,TPE,Asia Pacific,Taipei,77,0.01
34.80.216.181,443,443,true,TPE,Asia Pacific,Taipei,41,0.01
35.184.199.202,80,0,false,ORD,North America,Chicago,205,0.01
34.160.2.114,80,0,false,SJC,North America,San Jose,1,0.01
34.87.17.86,80,0,false,SIN,Asia Pacific,Singapore,1,0.01
34.87.17.86,80,0,false,SIN,Asia Pacific,Singapore,4,0.01
34.34.221.245,80,0,false,HKG,Asia Pacific,Hong Kong,15,0.00
34.80.222.234,80,0,false,HKG,Asia Pacific,Hong Kong,44,0.00
34.80.222.234,80,0,false,HKG,Asia Pacific,Hong Kong,42,0.00
34.92.254.110,80,0,false,HKG,Asia Pacific,Hong Kong,37,0.00
34.80.222.234,80,0,false,HKG,Asia Pacific,Hong Kong,59,0.00
34.120.124.61,80,0,false,SIN,Asia Pacific,Singapore,17,0.00
34.92.254.110,80,0,false,HKG,Asia Pacific,Hong Kong,93,0.00
34.96.225.108,8080,0,false,HKG,Asia Pacific,Hong Kong,67,0.00
34.80.222.234,80,0,false,HKG,Asia Pacific,Hong Kong,41,0.00
34.92.254.110,80,0,false,HKG,Asia Pacific,Hong Kong,39,0.00
34.34.221.245,80,0,false,SIN,Asia Pacific,Singapore,15,0.00
34.96.225.108,8080,0,false,HKG,Asia Pacific,Hong Kong,36,0.00
35.184.27.144,80,0,false,ORD,North America,Chicago,206,0.00
34.65.193.203,443,443,true,CDG,Europe,Paris,182,0.00
34.36.155.53,80,0,false,SIN,Asia Pacific,Singapore,19,0.00
35.236.88.104,80,0,false,LAX,North America,Los Angeles,162,0.00
34.96.93.19,80,0,false,SIN,Asia Pacific,Singapore,35,0.00
34.126.143.153,80,0,false,SIN,Asia Pacific,Singapore,40,0.00
34.125.44.149,80,0,false,LAX,North America,Los Angeles,165,0.00
34.125.44.149,80,0,false,LAX,North America,Los Angeles,165,0.00
35.230.48.122,8080,0,false,SEA,North America,Seattle,157,0.00
34.126.143.153,80,0,false,SIN,Asia Pacific,Singapore,10,0.00
34.126.143.153,80,0,false,SIN,Asia Pacific,Singapore,2,0.00
34.125.44.149,80,0,false,LAX,North America,Los Angeles,165,0.00
35.192.46.69,80,0,false,ORD,North America,Chicago,200,0.00
35.224.98.108,80,0,false,ORD,North America,Chicago,205,0.00
34.132.254.201,80,0,false,ORD,North America,Chicago,205,0.00
35.244.140.128,80,0,false,LHR,Europe,London,12,0.00
34.82.76.253,80,80,false,SEA,North America,Seattle,157,0.00
35.247.124.181,80,80,false,SEA,North America,Seattle,155,0.00
34.82.76.253,80,80,false,SEA,North America,Seattle,156,0.00
34.36.185.12,80,0,false,SIN,Asia Pacific,Singapore,14,0.00
34.120.35.204,80,0,false,IAD,North America,Ashburn,13,0.00
34.107.201.158,80,0,false,IAD,North America,Ashburn,25,0.00
34.49.29.234,80,0,false,SIN,Asia Pacific,Singapore,37,0.00
34.77.233.91,80,0,false,CDG,Europe,Paris,164,0.00
34.96.67.175,80,0,false,SIN,Asia Pacific,Singapore,16,0.00
35.201.86.28,80,0,false,CDG,Europe,Paris,2,0.00
35.201.86.28,80,0,false,CDG,Europe,Paris,1,0.00
34.100.190.34,80,0,false,BOM,Asia Pacific,Mumbai,86,0.00
34.77.233.91,80,0,false,CDG,Europe,Paris,165,0.00
34.100.190.34,80,0,false,BOM,Asia Pacific,Mumbai,66,0.00
34.107.191.120,80,0,false,SIN,Asia Pacific,Singapore,7,0.00
34.92.102.206,80,0,false,HKG,Asia Pacific,Hong Kong,36,0.00
34.126.112.176,8080,0,false,SIN,Asia Pacific,Singapore,22,0.00
34.65.139.23,443,0,true,FRA,Europe,Frankfurt,258,0.00
35.202.7.148,80,0,false,ORD,North America,Chicago,205,0.00
34.107.201.158,80,0,false,IAD,North America,Ashburn,6,0.00
34.120.35.204,80,0,false,IAD,North America,Ashburn,11,0.00
34.105.123.165,80,0,false,SEA,North America,Seattle,285,0.00
34.105.123.165,80,0,false,SEA,North America,Seattle,156,0.00
34.92.102.206,80,0,false,HKG,Asia Pacific,Hong Kong,38,0.00
34.65.139.23,443,0,true,FRA,Europe,Frankfurt,230,0.00
34.126.112.176,8080,0,false,SIN,Asia Pacific,Singapore,2,0.00
34.126.112.176,8080,0,false,SIN,Asia Pacific,Singapore,1,0.00
34.36.101.99,80,0,false,SIN,Asia Pacific,Singapore,25,0.00
35.202.7.148,80,0,false,ORD,North America,Chicago,205,0.00
35.202.7.148,80,0,false,ORD,North America,Chicago,205,0.00
34.102.244.136,80,0,false,SIN,Asia Pacific,Singapore,14,0.00
34.102.244.136,80,0,false,SIN,Asia Pacific,Singapore,15,0.00
34.105.123.165,80,0,false,SEA,North America,Seattle,157,0.00
35.220.132.211,8080,0,false,HKG,Asia Pacific,Hong Kong,37,0.00
34.36.205.106,80,0,false,HKG,Asia Pacific,Hong Kong,44,0.00
34.142.184.16,80,0,false,SIN,Asia Pacific,Singapore,2,0.00
34.92.102.206,80,0,false,HKG,Asia Pacific,Hong Kong,38,0.00
34.92.102.206,80,0,false,HKG,Asia Pacific,Hong Kong,37,0.00
35.236.139.119,80,0,false,TPE,Asia Pacific,Taipei,45,0.00
34.149.64.36,80,80,false,SIN,Asia Pacific,Singapore,1,0.00
34.120.222.161,80,0,false,SIN,Asia Pacific,Singapore,1,0.00
34.96.67.175,80,0,false,KUL,Asia Pacific,Kuala Lumpur,1,0.00
34.149.110.146,80,0,false,SIN,Asia Pacific,Singapore,1,0.00
34.87.124.80,443,443,true,SIN,Asia Pacific,Singapore,1,0.00
35.230.236.158,80,0,false,SIN,Asia Pacific,Singapore,1,0.00
35.187.229.127,80,8080,false,SIN,Asia Pacific,Singapore,2,0.00
34.87.124.80,443,443,true,SIN,Asia Pacific,Singapore,2,0.00
34.87.124.80,443,443,true,SIN,Asia Pacific,Singapore,2,0.00
35.186.153.145,80,0,false,SIN,Asia Pacific,Singapore,2,0.00
35.227.211.1,80,0,false,SIN,Asia Pacific,Singapore,3,0.00
34.87.17.86,80,0,false,SIN,Asia Pacific,Singapore,4,0.00
130.211.8.184,80,0,false,SIN,Asia Pacific,Singapore,6,0.00
35.244.184.119,80,0,false,SIN,Asia Pacific,Singapore,7,0.00
34.128.84.187,80,0,false,SIN,Asia Pacific,Singapore,13,0.00
34.120.222.161,80,0,false,SIN,Asia Pacific,Singapore,14,0.00
34.101.169.73,80,8080,false,CGK,Asia Pacific,Jakarta,15,0.00
34.101.99.100,80,0,false,SIN,Asia Pacific,Singapore,18,0.00
34.102.136.222,80,0,false,SIN,Asia Pacific,Singapore,18,0.00
34.101.44.165,80,0,false,SIN,Asia Pacific,Singapore,19,0.00
34.101.196.118,80,0,false,SIN,Asia Pacific,Singapore,20,0.00
34.101.44.165,80,0,false,SIN,Asia Pacific,Singapore,20,0.00
34.110.205.106,80,0,false,SIN,Asia Pacific,Singapore,29,0.00
34.128.84.187,80,0,false,SIN,Asia Pacific,Singapore,35,0.00
34.150.3.141,80,0,false,HKG,Asia Pacific,Hong Kong,37,0.00
34.150.3.141,80,0,false,HKG,Asia Pacific,Hong Kong,37,0.00
34.110.205.106,80,0,false,SIN,Asia Pacific,Singapore,41,0.00
104.199.156.241,80,0,false,SIN,Asia Pacific,Singapore,41,0.00
35.194.178.199,8080,80,false,TPE,Asia Pacific,Taipei,42,0.00
34.93.62.7,80,80,false,BOM,Asia Pacific,Mumbai,61,0.00
34.84.154.47,80,0,false,NRT,Asia Pacific,Tokyo,73,0.00
34.84.154.47,80,0,false,NRT,Asia Pacific,Tokyo,73,0.00
34.84.154.47,80,0,false,NRT,Asia Pacific,Tokyo,73,0.00
34.84.154.47,80,0,false,NRT,Asia Pacific,Tokyo,82,0.00
34.168.218.118,443,443,true,SEA,North America,Seattle,156,0.00
34.82.188.91,443,443,true,SEA,North America,Seattle,156,0.00
34.105.49.234,443,443,true,SEA,North America,Seattle,156,0.00
34.82.76.253,443,443,true,SEA,North America,Seattle,157,0.00
34.82.188.91,443,443,true,SEA,North America,Seattle,157,0.00
34.141.84.126,80,0,false,FRA,Europe,Frankfurt,158,0.00
34.77.233.91,80,0,false,CDG,Europe,Paris,162,0.00
34.89.234.44,443,443,true,FRA,Europe,Frankfurt,165,0.00
34.89.159.1,443,443,true,CDG,Europe,Paris,165,0.00
34.89.206.136,443,443,true,FRA,Europe,Frankfurt,167,0.00
34.82.76.253,443,0,true,SEA,North America,Seattle,169,0.00
34.89.255.152,443,443,true,FRA,Europe,Frankfurt,170,0.00
34.90.21.238,443,443,true,FRA,Europe,Frankfurt,177,0.00
34.118.41.188,443,0,true,FRA,Europe,Frankfurt,186,0.00
34.69.240.197,80,0,false,ORD,North America,Chicago,187,0.00
34.90.91.163,443,443,true,FRA,Europe,Frankfurt,189,0.00
34.69.240.197,80,0,false,ORD,North America,Chicago,192,0.00
34.123.83.237,443,443,true,ORD,North America,Chicago,194,0.00
35.239.72.131,80,0,false,ORD,North America,Chicago,195,0.00
34.69.240.197,80,0,false,ORD,North America,Chicago,201,0.00
34.82.76.253,443,443,true,SEA,North America,Seattle,201,0.00
34.69.240.197,80,0,false,ORD,North America,Chicago,206,0.00
35.230.169.129,443,0,true,IAD,North America,Ashburn,211,0.00
35.231.5.47,80,0,false,ATL,North America,Atlanta,218,0.00
34.73.111.106,80,0,false,ATL,North America,Atlanta,219,0.00
34.73.111.106,80,0,false,ATL,North America,Atlanta,219,0.00
35.188.72.3,443,0,true,ORD,North America,Chicago,220,0.00
34.73.111.106,80,0,false,ATL,North America,Atlanta,220,0.00
35.243.254.173,80,0,false,ATL,North America,Atlanta,225,0.00
34.91.166.255,443,443,true,FRA,Europe,Frankfurt,229,0.00
34.90.108.249,443,443,true,FRA,Europe,Frankfurt,238,0.00
34.65.25.217,443,443,true,FRA,Europe,Frankfurt,241,0.00
34.89.220.83,443,443,true,FRA,Europe,Frankfurt,247,0.00
34.159.237.42,443,443,true,CDG,Europe,Paris,255,0.00
34.90.91.163,443,443,true,FRA,Europe,Frankfurt,258,0.00
34.154.195.183,443,0,true,FRA,Europe,Frankfurt,265,0.00
34.141.217.179,443,443,true,CDG,Europe,Paris,265,0.00
34.95.223.251,80,0,false,GRU,South America,São Paulo,317,0.00
34.116.233.124,443,443,true,CDG,Europe,Paris,352,0.00
